Number,Name,Latitude,Longitude,District,Public,Total docks,Deployment Year
K32015,1200 Beacon St,42.34414899,-71.11467361,Brookline,Yes,1,2021
W32006,160 Arsenal,42.36466403,-71.17569387,Watertown,Yes,11,2021
A32019,175 N Harvard St,42.36447457,-71.12840831,Boston,Yes,17,2014
S32035,191 Beacon St,42.38032335,-71.10878613,Somerville,Yes,19,2018
C32094,2 Hummingbird Lane at Olmsted Green,42.28887,-71.095003,Boston,Yes,17,2020
S32023,30 Dane St,42.38100143,-71.10402523,Somerville,Yes,15,2018
M32026,359 Broadway - Broadway at Fayette Street,42.370803,-71.104412,Cambridge,Yes,23,2013
M32088,55 Wheeler Street,42.390821,-71.143946,Cambridge,Yes,23,2023
C32106,555 Metropolitan Ave,42.2681,-71.11924,Boston,Yes,18,2021
C32105,606 American Legion Hwy at Canterbury St,42.28578,-71.109725,Boston,Yes,18,2021
C32091,645 Summer St,42.34178089,-71.03987017,Boston,Yes,19,2020
M32054,699 Mt Auburn St,42.37500235,-71.14871614,Cambridge,Yes,19,2018
V32001,7 Acre Park,42.41143223,-71.06823265,Everett,Yes,13,2019
B32060,700 Commonwealth Ave.,42.34960945,-71.10391524,Boston,Yes,16,2019
M32060,700 Huron Ave,42.38078817,-71.15412891,Cambridge,Yes,19,2018
M32064,75 Binney St,42.36550729,-71.0801376,Cambridge,Yes,19,2019
M32058,84 Cambridgepark Dr,42.3936,-71.143941,Cambridge,Yes,16,2018
H32006,855 Broadway,42.39841773,-71.02390923,Chelsea,Yes,11,2021
M32084,87-101 Cambridgepark Drive,42.39522187,-71.14421904,Cambridge,Yes,23,2023
M32073,955 Mass Ave,42.36895181,-71.1099878,Cambridge,Yes,19,2021
C32098,Adams Branch Library,42.286011,-71.054689,Boston,Yes,0,2021
C32065,Adams St at Lonsdale St,42.29167943,-71.05726346,Boston,Yes,15,2019
A32054,Addison St at Saratoga St,42.38518147,-71.0151367,Boston,Yes,19,2022
A32032,Airport T Stop - Bremen St at Brooks St,42.37535377,-71.03131771,Boston,Yes,15,2016
C32061,Albany St at E. Brookline St,42.33664795,-71.0689446,Boston,Yes,15,2019
M32046,Alewife MBTA at Steel Place,42.39558846,-71.14260614,Cambridge,Yes,19,2016
M32033,Alewife Station at Russell Field,42.396105,-71.139459,Cambridge,Yes,23,2014
C32079,American Legion Hwy at Cummins Hwy,42.27881158,-71.11687703,Boston,Yes,12,2019
C32101,American Legion Hwy at Hyde Park Ave,42.27265394,-71.11990392,Boston,Yes,19,2021
M32059,Ames St at Broadway,42.3636929,-71.0875672,Cambridge,Yes,18,2018
M32037,Ames St at Main St,42.3625,-71.08822,Cambridge,Yes,19,2012
C32012,Andrew T Stop - Dorchester Ave at Dexter St,42.33073333,-71.05699851,Boston,Yes,15,2013
B32004,Aquarium T Stop - 200 Atlantic Ave,42.36044136,-71.0504394,Boston,Yes,23,2011
D32004,Arch St at Franklin St,42.35533502,-71.05822917,Boston,Yes,31,2011
C32048,Archdale Rd at Washington St,42.29266593,-71.12119539,Boston,Yes,15,2018
W32004,Arsenal Yards,42.36277389,-71.15764854,Watertown,Yes,15,2020
C32062,Ashmont T Stop,42.2856944,-71.0641389,Boston,Yes,14,2019
S32018,Assembly Square T,42.39223284,-71.07746601,Somerville,Yes,15,2018
N32015,Auburndale,42.34805541,-71.24775946,Newton,Yes,15,2021
A32003,B.U. Central - 725 Comm. Ave.,42.350406,-71.108279,Boston,Yes,11,2011
C32003,Back Bay T Stop - Dartmouth St at Stuart St,42.34807412,-71.07657015,Boston,Yes,17,2011
N32003,Bacon St at Washington St,42.35711921,-71.18604537,Newton,Yes,11,2020
S32007,Ball Sq,42.39936816,-71.11111522,Somerville,Yes,19,2012
B32055,Bartlett St at John Elliot Sq,42.3294633,-71.0901582,Boston,Yes,15,2018
C32108,Beach St at Freeport St,42.30367409,-71.05425954,Boston,Yes,19,2023
N32012,Beacon at Walnut,42.33006232,-71.20668411,Newton,Yes,15,2021
D32024,Beacon St at Charles St,42.356052,-71.069849,Boston,Yes,19,2013
B32016,Beacon St at Massachusetts Ave,42.35082681,-71.08981088,Boston,Yes,19,2011
K32002,Beacon St at Tappan St,42.3382668,-71.13894682,Brookline,Yes,15,2012
S32003,Beacon St at Washington / Kirkland,42.37875351,-71.10707223,Somerville,Yes,19,2012
C32059,Belgrade Ave at Walworth St,42.28634589,-71.1367213,Boston,Yes,14,2018
C32095,Bellevue T Stop,42.28611421,-71.14636928,Boston,Yes,19,2021
H32002,Bellingham Square,42.39319611,-71.0334456,Chelsea,Yes,11,2021
A32028,Bennington St at Byron St,42.38353252,-71.01619095,Boston,Yes,15,2016
A32039,Bennington St at Constitution Beach,42.38522394,-71.01063069,Boston,Yes,15,2018
M32067,Berkshire Street at Cambridge Street,42.37207658,-71.08995434,Cambridge,Yes,19,2019
M32027,Binney St / Sixth St,42.36608797,-71.08633604,Cambridge,Yes,19,2013
D32050,Blossom St at Charles St,42.36435589,-71.06959369,Boston,Yes,15,2019
C32044,Blue Hill Ave at Almont St,42.27462067,-71.09372552,Boston,Yes,19,2018
C32092,Blue Hill Ave at Havelock St,42.286012,-71.090986,Boston,Yes,0,2020
B32057,Blue Hill Ave at Southwood St,42.31786021,-71.07798629,Boston,Yes,14,2018
B32008,Boston City Hall - 28 State St,42.35892,-71.057629,Boston,Yes,25,2011
N32009,Boston College T,42.33987892,-71.16708934,Newton,Yes,17,2021
D32018,Boston Convention and Exhibition Center - Summer St at West Side Dr,42.34776345,-71.04535997,Boston,Yes,23,2012
A32036,Boston East - 126 Border St,42.37331213,-71.04102008,Boston,Yes,15,2016
A32045,Boston Landing,42.35656092,-71.14167538,Boston,Yes,16,2019
C32002,Boston Medical Center - E Concord St at Harrison Ave,42.33639915,-71.07306711,Boston,Yes,19,2019
B32031,Bowdoin St at Quincy St,42.30785224,-71.06512249,Boston,Yes,15,2016
D32007,Boylston St at Arlington St,42.35206005,-71.07046366,Boston,Yes,31,2011
D32013,Boylston St at Berkeley St,42.35114198,-71.07329249,Boston,Yes,15,2011
D32046,Boylston St at Exeter St,42.34958942,-71.07946779,Boston,Yes,19,2018
C32008,Boylston St at Fairfield St,42.34880382,-71.08236909,Boston,Yes,19,2011
B32034,Boylston St at Jersey St,42.34465063,-71.09732501,Boston,Yes,14,2018
B32018,Boylston St at Massachusetts Ave,42.34740621,-71.08678415,Boston,Yes,15,2023
S32050,Boynton Yards at 101 South Street,42.3754476,-71.09117389,Somerville,Yes,19,2023
A32055,Bremen St at Marion St,42.37410622,-71.03276253,Boston,Yes,11,2023
T32016,Bridge Street Neck,42.52810052,-70.88971138,Salem,Yes,11,2021
B32013,Brigham Circle - Francis St at Huntington Ave,42.33462893,-71.10407918,Boston,Yes,15,2011
D32058,Brighton Ave at Linden St,42.3528376,-71.1296752,Boston,Yes,19,2022
D32028,Brighton Center - Washington St at Cambridge St,42.34894857,-71.15027189,Boston,Yes,16,2015
A32005,Brighton Mills - 370 Western Ave,42.36154571,-71.13776207,Boston,Yes,15,2011
M32082,Broad Canal Way at Third Street,42.3630455,-71.08287079,Cambridge,Yes,19,2022
A32047,Broad St at Central St,42.35849449,-71.0542647,Boston,Yes,15,2020
V32011,Broadway at Beacham St,42.3983606,-71.06373843,Everett,Yes,13,2019
S32016,Broadway at Central St,42.3951715,-71.09850592,Somerville,Yes,19,2018
H32004,Broadway at Gerrish Ave,42.39453079,-71.03085594,Chelsea,Yes,11,2021
L32004,Broadway at Grafton St,42.40994213,-71.1400932,Arlington,Yes,11,2020
V32004,Broadway at Lynde St,42.39648358,-71.0654676,Everett,Yes,15,2019
V32008,Broadway at Maple St,42.41034691,-71.05260458,Everett,Yes,13,2019
S32014,Broadway St at Mt Pleasant St,42.38614141,-71.0782814,Somerville,Yes,19,2016
C32053,Broadway T Stop,42.34304858,-71.0580343,Boston,Yes,19,2018
K32005,Brookline Town Hall,42.33376473,-71.12046447,Brookline,Yes,15,2016
K32003,Brookline Village - Station Street at MBTA,42.33274392,-71.11626681,Brookline,Yes,15,2012
A32023,Bunker Hill Community College,42.37408991,-71.06905997,Boston,Yes,23,2015
B32020,Burlington Ave at Brookline Ave,42.345733,-71.100694,Boston,Yes,15,2013
N32011,California at Chapel,42.36514871,-71.20236039,Newton,Yes,12,2021
M32077,Cambridge Crossing at North First Street,42.371141,-71.076198,Cambridge,Yes,23,2021
M32052,Cambridge Dept. of Public Works -147 Hampshire St.,42.37119728,-71.09759867,Cambridge,Yes,19,2017
M32013,Cambridge Main Library at Broadway / Trowbridge St,42.373379,-71.111075,Cambridge,Yes,19,2012
M32007,Cambridge St - at Columbia St / Webster Ave,42.372969,-71.094445,Cambridge,Yes,15,2012
D32000,Cambridge St at Joy St,42.36125722,-71.06528744,Boston,Yes,15,2011
M32019,CambridgeSide Galleria - CambridgeSide PL at Land Blvd,42.36707407,-71.07679278,Cambridge,Yes,15,2012
A32046,Canal St at Causeway St,42.36530095,-71.06092191,Boston,Yes,22,2020
H32001,Cary Square,42.39813565,-71.03070972,Chelsea,Yes,12,2021
C23109,Cedar Grove T Stop,42.2796076,-71.0602212,,Yes,18,
C32088,Central Ave at River St,42.27094707,-71.07337901,Boston,Yes,15,2019
M32012,Central Sq Post Office / Cambridge City Hall at Mass Ave / Pleasant St,42.366426,-71.105495,Cambridge,Yes,17,2012
M32011,Central Square at Mass Ave / Essex St,42.36507,-71.1031,Cambridge,Yes,19,2012
A32041,Central Square East Boston,42.37544913,-71.03918549,Boston,Yes,15,2019
N32018,Centre St at Commonwealth Ave,42.3362358,-71.1934421,Newton,Yes,11,2022
C32086,Centre St at Parkway YMCA,42.28277901,-71.15728851,Boston,Yes,17,2019
E32008,Centre St at Seaverns Ave,42.3121203,-71.1142981,Boston,Yes,15,2018
C32085,Centre St at W. Roxbury Post Office,42.28633199,-71.15344755,Boston,Yes,19,2019
N32000,Centre St at Washington St,42.35574335,-71.18641943,Newton,Yes,11,2020
D32016,Charles Circle - Charles St at Cambridge St,42.36079297,-71.07118962,Boston,Yes,19,2011
D32039,Charlestown Navy Yard,42.37412455,-71.054812,Boston,Yes,23,2018
H32003,Chelsea Square,42.39022671,-71.03857018,Chelsea,Yes,11,2021
V32016,Chelsea St at Vine St,42.40336946,-71.04731441,Everett,Yes,11,2023
H32005,Chelsea Station,42.39636528,-71.03987179,Chelsea,Yes,11,2021
M32049,Child Street at Brian P. Murphy Staircase,42.37197678,-71.07200496,Cambridge,Yes,23,2016
D32015,Chinatown Gate Plaza,42.351356,-71.059367,Boston,Yes,19,2011
D32019,Chinatown T Stop,42.352409,-71.062679,Boston,Yes,19,2012
B32005,Christian Science Plaza - Massachusetts Ave at Westland Ave,42.34366582,-71.08582377,Boston,Yes,19,2011
M32087,Church St,42.37433925,-71.11966431,Cambridge,Yes,15,2023
C32099,Circuit Drive at American Legion Hwy,42.29704126,-71.09171927,Boston,Yes,19,2021
S32010,Clarendon Hill at Broadway,42.406302,-71.132446,Somerville,Yes,15,2013
D32047,Clarendon St at Newbury St,42.35159662,-71.07561663,Boston,Yes,19,2019
C32104,Cleary Sq,42.2556,-71.12444,Boston,Yes,16,2021
B32035,Cleveland Circle,42.33554308,-71.1506152,Boston,Yes,15,2018
D32057,Clinton St at North St,42.36070284,-71.05524927,Boston,Yes,18,2021
C32055,Codman Square Library,42.2873611,-71.071111,Boston,Yes,17,2018
B32006,Colleges of the Fenway - Fenway at Avenue Louis Pasteur,42.34011512,-71.10061884,Boston,Yes,14,2011
B32029,Columbia Rd at Ceylon St,42.309572,-71.0729,Boston,Yes,15,2016
C32052,Columbia Rd at Tierney Community Center,42.33023071,-71.05060093,Boston,Yes,19,2018
C32077,Columbus Ave at W. Canton St,42.34474225,-71.07648162,Boston,Yes,19,2019
A32002,Commonwealth Ave at Agganis Way,42.35169202,-71.11903489,Boston,Yes,15,2011
K32006,Commonwealth Ave At Babcock St,42.35154735,-71.12126246,Brookline,Yes,15,2017
D32033,Commonwealth Ave at Chiswick Rd,42.34024645,-71.15168806,Boston,Yes,19,2018
A32017,Commonwealth Ave at Griggs St,42.34922469,-71.13275303,Boston,Yes,15,2012
D32034,Commonwealth Ave at Kelton St,42.34835863,-71.13997217,Boston,Yes,15,2018
T32013,Community Life Center,42.520136,-70.906271,Salem,Yes,9,2022
S32022,Community Path at Cedar Street,42.39407224,-71.11133695,Somerville,Yes,15,2018
S32040,Community Path at Lowell St,42.392525,-71.105587,Somerville,Yes,19,2020
M32074,Concord Ave at Spinelli Place,42.390719,-71.1538877,Cambridge,Yes,19,2021
D32009,Congress St at Boston City Hall,42.36041775,-71.05752244,Boston,Yes,23,2011
C32032,Congress St at Northern Ave,42.3481,-71.03764,Boston,Yes,15,2016
C32010,Congress St at Sleeper St,42.3510045,-71.04930013,Boston,Yes,19,2011
S32004,Conway Park - Somerville Avenue,42.38363895,-71.10853672,Somerville,Yes,23,2012
K32001,Coolidge Corner - Beacon St at Centre St,42.341598,-71.123338,Brookline,Yes,19,2012
W32001,Coolidge Sq.,42.37207611,-71.15683131,Watertown,Yes,12,2020
D32005,Copley Square - Dartmouth St at Boylston St,42.34992828,-71.07739207,Boston,Yes,28,2011
S32037,Craigie St at Summer St,42.38831608,-71.11068249,Somerville,Yes,19,2019
D32010,Cross St at Hanover St,42.362811,-71.056067,Boston,Yes,19,2011
E32001,Curtis Hall - South St at Centre St,42.309054,-71.11543,Boston,Yes,15,2013
K32009,Cypress St at Clark Playground,42.32784317,-71.12536222,Brookline,Yes,15,2018
M32030,Dana Park,42.36178044,-71.10809952,Cambridge,Yes,19,2014
M32031,Danehy Park,42.388966,-71.132788,Cambridge,Yes,17,2014
M32075,Danehy Park at New Street,42.389456,-71.139019,Cambridge,Yes,19,2021
D32045,Dartmouth St at Newbury St,42.35096144,-71.07782811,Boston,Yes,19,2018
S32006,Davis Square,42.396969,-71.123024,Somerville,Yes,25,2012
A32051,Day Sq,42.379295,-71.027733,Boston,Yes,16,2020
B32037,Deerfield St at Commonwealth Ave,42.34924377,-71.0972821,Boston,Yes,6,2018
T32018,Derby Street,42.52009618,-70.89139044,Salem,Yes,11,2023
M32066,Discovery Park - 30 Acorn Park Drive,42.39790817,-71.14797131,Cambridge,Yes,23,2019
C32009,Dorchester Ave at Gillette Park,42.34404051,-71.05737627,Boston,Yes,15,2011
C32066,Dorchester Ave at King St,42.291718,-71.062571,Boston,Yes,15,2023
B32017,Dudley Square - Bolling Building,42.32984299,-71.08386572,Boston,Yes,18,2011
C32015,Dudley Town Common - Mt Pleasant Ave at Blue Hill Ave,42.325333,-71.075354,Boston,Yes,15,2012
C32018,E Cottage St at Columbia Rd,42.320561,-71.06198,Boston,Yes,19,2013
A32031,East Boston Neighborhood Health Center - 20 Maverick Square,42.369536,-71.039431,Boston,Yes,16,2016
S32017,East Somerville Library (Broadway and Illinois),42.38762811,-71.08318716,Somerville,Yes,15,2018
S32038,Edgerly Education Center,42.38717463,-71.08714389,Somerville,Yes,15,2019
A32022,Edwards Playground - Main St at Eden St,42.378965,-71.068607,Boston,Yes,19,2015
M32034,EF - North Point Park,42.369885,-71.069957,Cambridge,Yes,23,2014
E32004,Egleston Square - Atherton St at Washington St,42.315692,-71.098634,Boston,Yes,15,2013
S32039,Elm St at White St,42.38952436,-71.1169414,Somerville,Yes,19,2019
V32005,Encore,42.39329263,-71.0724476,Everett,Yes,15,2019
T32011,Essex St at Dalton Parkway,42.516223,-70.905535,Salem,Yes,11,2022
V32003,Everett Square (Broadway at Chelsea St),42.40701602,-71.05645001,Everett,Yes,16,2019
A32000,Fan Pier,42.35339051,-71.0445714,Boston,Yes,15,2011
C32051,Farragut Rd at E. 6th St,42.3334,-71.02495,Boston,Yes,23,2018
C32041,Fields Corner T Stop,42.29963349,-71.06068976,Boston,Yes,15,2018
B32064,Flat 9 at Whittier,42.33420351,-71.08767617,Boston,Yes,15,2022
S32047,Foley St at Grand Union Blvd,42.3930184,-71.08071685,Somerville,Yes,19,2021
E32010,Forest Hills,42.300923,-71.114249,Boston,Yes,40,2019
T32010,Forest River Park,42.506395,-70.88693,Salem,Yes,11,2022
B32062,Forsyth St at Huntington Ave,42.339202,-71.090511,Boston,Yes,15,2021
S32015,Foss Park,42.39108438,-71.09039426,Somerville,Yes,15,2018
C32037,Four Corners - 157 Washington St,42.30412793,-71.07929528,Boston,Yes,11,2018
C32027,Franklin Park - Seaver St at Humboldt Ave,42.309796,-71.092225,Boston,Yes,15,2015
C32030,Franklin Park Zoo - Franklin Park Rd at Blue Hill Ave,42.303469,-71.085347,Boston,Yes,14,2015
M32051,Fresh Pond Reservation,42.38267828,-71.14347895,Cambridge,Yes,17,2017
M32078,Galileo Galilei Way at Fulkerson St/Binney St,42.3664204,-71.0885418,Cambridge,Yes,19,2022
M32072,Galileo Galilei Way at Main Street,42.36300378,-71.08974038,Cambridge,Yes,19,2020
C32040,Gallivan Blvd at Adams St,42.28297568,-71.05466698,Boston,Yes,15,2018
C32090,Geiger Gibson Community Health Center,42.31886468,-71.04536798,Boston,Yes,18,2019
S32046,Gilman Square T at Medford St,42.3867355,-71.0946444,Somerville,Yes,19,2021
V32006,Glendale Square (Ferry St at Broadway),42.41427294,-71.04479656,Everett,Yes,15,2019
A32034,Glendon St at Condor St,42.38240378,-71.03024304,Boston,Yes,19,2016
T32014,Goodhue St at Grove St,42.520897,-70.910528,Salem,Yes,11,2022
M32081,Gore Street at Lambert Street,42.3730798,-71.08634234,Cambridge,Yes,19,2022
A32049,Gove St at Orleans St,42.37057753,-71.0355854,Boston,Yes,19,2020
B32032,Government Center - Cambridge St at Court St,42.3598254,-71.05979576,Boston,Yes,35,2018
M32068,Graham and Parks School ? Linnaean St at Walker St,42.3829443,-71.12449831,Cambridge,Yes,19,2020
V32015,Gramsdorf Playground,42.408156,-71.0429,Everett,Yes,14,2022
E32005,Green Street T Stop - Green St at Amory St,42.310579,-71.107341,Boston,Yes,23,2013
B32028,Grove Hall Library - 41 Geneva Ave,42.30791,-71.080952,Boston,Yes,15,2016
S32019,Grove St at Community Path,42.39638681,-71.12011306,Somerville,Yes,15,2018
F32005,Haines Square,42.42333137,-71.09124541,Medford,Yes,11,2023
V32012,Hale Park,42.4153271,-71.0528183,Everett,Yes,11,2020
F32004,Harris Park,42.41081837,-71.08152866,Medford,Yes,11,2023
D32043,Harrison Ave at Bennet St,42.3494261,-71.0620996,Boston,Yes,19,2018
C32093,Harrison Ave at E. Dedham St,42.339194,-71.06975,Boston,Yes,19,2020
C32057,Harrison Ave at Mullins Way,42.34521562,-71.06384031,Boston,Yes,19,2018
D32035,Harvard Ave at Brainerd Rd,42.34953017,-71.13022771,Boston,Yes,15,2018
M32016,Harvard Kennedy School at Bennett St / Eliot St,42.3722168,-71.12188071,Cambridge,Yes,23,2012
M32020,Harvard Law School at Mass Ave / Jarvis St,42.379011,-71.119945,Cambridge,Yes,19,2012
M32017,Harvard Square at Brattle St / Eliot St,42.3733288,-71.12098601,Cambridge,Yes,15,2012
M32018,Harvard Square at Mass Ave/ Dunster,42.373268,-71.118579,Cambridge,Yes,19,2012
K32017,Harvard St and Stedman St,42.34435176,-71.12490356,Brookline,Yes,15,2021
M32055,Harvard St at Greene-Rose Heritage Park,42.36599433,-71.09522222,Cambridge,Yes,19,2018
A32052,Harvard Stadium: N. Harvard St at Soldiers Field Rd,42.368019,-71.1242,Boston,Yes,15,2020
M32023,Harvard University / SEAS Cruft-Pierce Halls at 29 Oxford St,42.377945,-71.116865,Cambridge,Yes,17,2012
M32021,Harvard University Gund Hall at Quincy St / Kirkland St,42.376369,-71.114025,Cambridge,Yes,15,2013
M32014,Harvard University Housing - 115 Putnam Ave at Peabody Terrace,42.366621,-71.114214,Cambridge,Yes,15,2012
M32024,Harvard University Radcliffe Quadrangle at Shepard St / Garden St,42.380287,-71.125107,Cambridge,Yes,19,2012
M32038,Harvard University River Houses at DeWolfe St / Cowperthwaite St,42.36923907,-71.11687034,Cambridge,Yes,21,2012
T32008,Hawthorne Boulevard,42.5223714,-70.8903331,Salem,Yes,9,2022
D32026,Hayes Square - Vine St at Moulton St,42.377022,-71.056605,Boston,Yes,19,2013
K32010,High St at Cypress St,42.32464511,-71.12135231,Brookline,Yes,15,2019
B32003,HMS/HSPH - Avenue Louis Pasteur at Longwood Ave,42.33741748,-71.10286117,Boston,Yes,25,2011
A32040,Honan Library,42.3602737,-71.12852452,Boston,Yes,15,2018
D32060,Hood Park,42.38004535,-71.07304573,Boston,Yes,23,2022
F32006,Hormel Stadium,42.40721644,-71.09651506,Medford,Yes,11,2023
B32033,Huntington Ave at Mass Art,42.33658555,-71.09886996,Boston,Yes,15,2018
M32044,Huron Ave At Vassal Lane,42.38165061,-71.13426981,Cambridge,Yes,19,2017
C32100,Hyde Park Ave at Arlington St,42.26286746,-71.12163126,Boston,Yes,19,2021
C32089,Hyde Park Ave at Walk Hill St,42.29606705,-71.116012,Boston,Yes,15,2019
E32013,Hyde Park Library,42.2568376,-71.122509,Boston,Yes,15,2021
E32003,Hyde Square - Barbara St at Centre St,42.32176526,-71.10984161,Boston,Yes,15,2013
C32020,ID Building East,42.344827,-71.028664,Boston,Yes,17,2014
C32021,ID Building West,42.344796,-71.031614,Boston,Yes,19,2014
C32025,Ink Block - Harrison Ave at Herald St,42.345901,-71.063187,Boston,Yes,25,2015
M32062,Inman Square at Springfield St.,42.37426714,-71.10026479,Cambridge,Yes,25,2019
A32011,Innovation Lab - 125 Western Ave at Batten Way,42.36371276,-71.12459779,Boston,Yes,19,2011
E32006,Jackson Square T Stop,42.32293117,-71.10014141,Boston,Yes,18,2013
D32052,Jamaica St at South St,42.30604563,-71.11570891,Boston,Yes,19,2019
K32004,JFK Crossing at Harvard St. / Thorndike St.,42.34655124,-71.12833211,Brookline,Yes,15,2013
C32013,JFK/UMass T Stop,42.32033974,-71.05118036,Boston,Yes,31,2012
M32083,John Ahern Field at Kennedy-Longfellow School,42.36903567,-71.0863096,Cambridge,Yes,19,2022
V32013,Kearins Playground,42.40616124,-71.06041655,Everett,Yes,11,2020
M32032,Kendall Street,42.36356016,-71.08216792,Cambridge,Yes,17,2014
M32004,Kendall T,42.36242784,-71.08495474,Cambridge,Yes,23,2016
B32010,Kenmore Square,42.348706,-71.097009,Boston,Yes,26,2011
M32065,Kennedy-Longfellow School 158 Spring St,42.36955298,-71.08579015,Cambridge,Yes,19,2019
C32096,Knoll St at Centre St,42.29376656,-71.1365658,Boston,Yes,19,2021
T32006,Lafayette at Leach St,42.51142784,-70.89183301,Salem,Yes,11,2021
M32009,Lafayette Square at Mass Ave / Main St / Columbia St,42.36346469,-71.10057324,Cambridge,Yes,15,2012
B32015,Landmark Center - Brookline Ave at Park Dr,42.34369056,-71.10235287,Boston,Yes,15,2011
N32008,Langley Lot,42.330528,-71.192861,Newton,Yes,11,2020
B32058,Lansdowne T Stop,42.34734473,-71.10016808,Boston,Yes,27,2019
M32001,Lechmere Station at Cambridge St / First St,42.370677,-71.076529,Cambridge,Yes,19,2012
D32061,Lenox St at Kendall St,42.33759485,-71.08255059,Boston,Yes,17,2023
M32039,Lesley University,42.38674802,-71.11901879,Cambridge,Yes,15,2015
A32057,Lewis Mall Wharf,42.36567871,-71.04030132,Boston,Yes,21,2021
D32006,Lewis Wharf at Atlantic Ave,42.363871,-71.050877,Boston,Yes,19,2011
M32025,Linear Park - Mass. Ave. at Cameron Ave. ,42.397828,-71.130516,Cambridge,Yes,19,2013
L32002,Linwood St at Minuteman Bikeway,42.40935396,-71.14906519,Arlington,Yes,11,2020
A32004,Longwood Ave at Binney St,42.338629,-71.1065,Boston,Yes,15,2011
M32022,Lower Cambridgeport at Magazine St / Riverside Rd,42.3572185,-71.11387163,Cambridge,Yes,19,2012
S32013,Magoun Square at Trum Field,42.3977834,-71.10594004,Somerville,Yes,14,2014
D32020,Main St at Austin St,42.375603,-71.064608,Boston,Yes,11,2012
D32036,Main St at Baldwin St,42.380857,-71.070629,Boston,Yes,19,2018
F32001,Main St at Brooks Park,42.411709,-71.110444,Medford,Yes,11,2022
D32038,Main St at Thompson Sq,42.37487847,-71.06383499,Boston,Yes,15,2018
M32080,Main Street/Albany Street/Technology Square,42.3629016,-71.0915669,Cambridge,Yes,23,2022
G32001,Malden Center T Station,42.426541,-71.073179,Malden,Yes,11,2022
G32003,Malden High School,42.42653766,-71.06393695,Malden,Yes,11,2022
K32012,Marion St at Harvard St,42.34012243,-71.12070564,Brookline,Yes,15,2019
A32048,Marion St at White St,42.38066931,-71.03907316,Boston,Yes,19,2020
E32012,Martha Eliot Health Center,42.324173,-71.10196,Boston,Yes,16,2020
M32061,Mass Ave at Albany St,42.36135838,-71.09670274,Cambridge,Yes,16,2019
L32006,Mass Ave at Broadway,42.41420213,-71.15051883,Arlington,Yes,11,2021
L32003,Mass Ave at Grafton St,42.40726052,-71.14382132,Arlington,Yes,11,2020
M32056,Mass Ave at Hadley/Walden,42.39120972,-71.12260755,Cambridge,Yes,18,2018
C32063,Mass Ave T Station,42.34135616,-71.08336953,Boston,Yes,14,2019
M32085,Mass Ave/Lafayette Square,42.36356499,-71.10044184,Cambridge,Yes,15,2023
C32004,Massachusetts Ave at Columbus Ave,42.340814,-71.0816197,Boston,Yes,14,2011
C32050,Mattapan Library,42.2773889,-71.09325,Boston,Yes,15,2018
C32045,Mattapan T Stop,42.267902,-71.093641,Boston,Yes,15,2018
A32030,Maverick Square - Lewis Mall,42.36884408,-71.03977829,Boston,Yes,33,2016
A32044,Maverick St at Massport Path,42.36774122,-71.03335975,Boston,Yes,15,2019
T32004,Mayor Salvo Path at Mill St,42.5180352,-70.89570075,Salem,Yes,11,2021
F32002,Medford Sq - Riverside Ave at River St,42.417724,-71.108102,Medford,Yes,11,2022
D32037,Medford St at Charlestown BCYF,42.38042947,-71.06055722,Boston,Yes,19,2018
M32006,MIT at Mass Ave / Amherst St,42.3581,-71.093198,Cambridge,Yes,27,2012
M32070,MIT Carleton St at Amherst St,42.36054174,-71.08669817,Cambridge,Yes,27,2020
M32071,MIT Hayward St at Amherst St,42.36085937,-71.08551858,Cambridge,Yes,27,2020
M32041,MIT Pacific St at Purrington St,42.3595732,-71.10129476,Cambridge,Yes,19,2015
M32005,MIT Stata Center at Vassar St / Main St,42.36213123,-71.09115601,Cambridge,Yes,35,2012
M32042,MIT Vassar St,42.35560121,-71.10394478,Cambridge,Yes,53,2015
B32023,MLK Blvd at Washington St,42.32143814,-71.09126061,Boston,Yes,15,2016
M32086,Morgan Ave at North First St,42.37197726,-71.07585847,Cambridge,Yes,23,2023
C32103,Morton St at Gallivan Blvd,42.278747,-71.080286,Boston,Yes,15,2021
C23045,Morton St T,42.28072514,-71.08617242,Boston,Yes,15,2018
M32043,Mt Auburn,42.37478629,-71.13320231,Cambridge,Yes,19,2015
C32080,Mt. Hope St at Hyde Park Ave,42.28484472,-71.11874517,Boston,Yes,19,2019
D32017,Mugar Way at Beacon St,42.35553628,-71.0728687,Boston,Yes,19,2011
C32023,Murphy Skating Rink - 1880 Day Blvd,42.336448,-71.023739,Boston,Yes,19,2014
M32045,Museum of Science,42.36769018,-71.07116282,Cambridge,Yes,19,2017
A32025,Nashua Street at Red Auerbach Way,42.365673,-71.064263,Boston,Yes,36,2016
B32027,NCAAA - Walnut Ave at Crawford St,42.316902,-71.091946,Boston,Yes,15,2016
D32001,New Balance - 20 Guest St,42.35732922,-71.1467354,Boston,Yes,14,2011
B32000,Newbury St at Hereford St,42.348717,-71.085954,Boston,Yes,23,2011
C32022,Newmarket Square T Stop - Massachusetts Ave at Newmarket Square,42.326599,-71.066498,Boston,Yes,15,2014
N32010,Newton Highlands T,42.32206566,-71.20637298,Newton,Yes,15,2021
N32013,Newton Library,42.33620337,-71.20779455,Newton,Yes,13,2021
W32007,Nichols Ave. at Watertown Greenway,42.36762049,-71.15656637,Watertown,Yes,12,2021
N32002,Nonantum Library,42.36068456,-71.201462,Newton,Yes,15,2020
T32015,North St at Liberty Hill Ave,42.52989965,-70.90614259,Salem,Yes,11,2022
C32078,Northbourne Rd at Hyde Park Ave,42.29118035,-71.11773666,Boston,Yes,19,2019
B32012,Northeastern University - North Parking Lot,42.341814,-71.090179,Boston,Yes,15,2011
G32002,Northern Strand at Main St,42.42386,-71.067793,Malden,Yes,11,2022
D32031,Oak Square - 615 Washington St,42.35057,-71.166491,Boston,Yes,13,2016
M32076,Old Morse Park at Putnam Ave,42.35766248,-71.10841334,Cambridge,Yes,15,2021
B32061,One Beacon St,42.35847764,-71.0613513,Boston,Yes,16,2021
B32036,One Brigham Circle,42.3339227,-71.10446509,Boston,Yes,15,2018
M32003,One Broadway / Kendall Sq at Main St / 3rd St,42.36224179,-71.08311072,Cambridge,Yes,23,2012
M32002,One Kendall Square at Hampshire St / Portland St,42.366277,-71.09169,Cambridge,Yes,19,2012
M32053,One Memorial Drive,42.36161932,-71.08043551,Cambridge,Yes,19,2017
A32035,Orient Heights T Stop - Bennington St at Saratoga St,42.386781,-71.006098,Boston,Yes,19,2016
R32002,Orr Sq (Shirley Ave),42.40715656,-70.9927243,Revere,Yes,11,2021
S32009,Packard Ave at Powderhouse Blvd,42.40449,-71.123413,Somerville,Yes,15,2013
A32012,Packard's Corner - Commonwealth Ave at Brighton Ave,42.352261,-71.123831,Boston,Yes,27,2011
A32008,Park Dr at Buswell St,42.347241,-71.105301,Boston,Yes,15,2012
D32042,Park Plaza at Charles St S.,42.35182807,-71.06781138,Boston,Yes,19,2018
C32039,Park St at Norwell St,42.29442579,-71.07821761,Boston,Yes,15,2018
S32034,Perry Park,42.37927325,-71.10341903,Somerville,Yes,19,2018
C32107,Pier 4 Blvd at Autumn Ln,42.3502102,-71.0446705,Boston,Yes,19,2022
A32029,Piers Park,42.3650112,-71.03528559,Boston,Yes,15,2016
V32009,Pope John High School,42.4203487,-71.04419768,Everett,Yes,15,2019
M32029,Porter Square Station,42.387995,-71.119084,Cambridge,Yes,19,2013
A32050,Porzio Park,42.36411904,-71.02876782,Boston,Yes,17,2020
D32012,Post Office Square,42.35585436,-71.05459746,Boston,Yes,19,2011
S32008,Powder House Circle - Nathan Tufts Park,42.400877,-71.116772,Somerville,Yes,14,2012
C32007,Prudential Center - 101 Huntington Ave,42.34652004,-71.08065777,Boston,Yes,18,2011
A32026,Purchase St at Pearl St,42.354659,-71.053181,Boston,Yes,19,2016
L32001,Railroad Lot and Minuteman Bikeway,42.41606457,-71.15336637,Arlington,Yes,11,2020
M32079,Raymond Park at Walden St,42.38736954,-71.12761001,Cambridge,Yes,19,2022
R32006,Revere City Hall,42.40741,-71.0139,Revere,Yes,11,2020
R32007,Revere Public Library,42.408088,-71.008942,Revere,Yes,11,2020
M32036,Rindge Avenue - O'Neill Library,42.392766,-71.129042,Cambridge,Yes,19,2014
C32058,Ring Rd,42.34827839,-71.08044855,Boston,Yes,3,2018
A32056,Riverway at Brookline Ave,42.33661006,-71.1100468,Boston,Yes,25,2023
M32035,Rogers St & Land Blvd,42.36644674,-71.07654601,Cambridge,Yes,19,2018
C32047,Roslindale Village - South St,42.287072,-71.127754,Boston,Yes,15,2018
C32046,Roslindale Village - Washington St,42.28630716,-71.12820532,Boston,Yes,15,2018
E32014,Ross Playground,42.2645666,-71.1145523,Boston,Yes,19,2022
D32008,Rowes Wharf at Atlantic Ave,42.357143,-71.050699,Boston,Yes,15,2011
C32001,Roxbury Crossing T Stop - Columbus Ave at Tremont St,42.331184,-71.095171,Boston,Yes,23,2011
B32022,Roxbury YMCA - Warren St at MLK Blvd,42.31787329,-71.08243078,Boston,Yes,10,2016
B32002,Ruggles T Stop - Columbus Ave at Melnea Cass Blvd,42.33624445,-71.08798563,Boston,Yes,26,2011
C32031,Ryan Playground - Dorchester Ave at Harbor View St,42.317642,-71.056664,Boston,Yes,15,2015
E32007,S Huntington Ave at Heath St,42.32760387,-71.1108917,Boston,Yes,15,2015
T32001,Salem Ferry Landing,42.52189284,-70.88069111,Salem,Yes,11,2021
T32012,Salem MBTA - Lower Level,42.523994,-70.89684,Salem,Yes,11,2022
T32005,Salem MBTA - Washington at Federal St,42.52345239,-70.89611113,Salem,Yes,13,2021
T32007 ,Salem State University - Bike Path at Loring Ave,42.50182399,-70.89478076,Salem,Yes,15,2021
T32009,Salem State University - North Campus,42.503332,-70.891444,Salem,Yes,11,2022
T32002,Salem Willows Park,42.53466911,-70.8702144,Salem,Yes,15,2021
C32033,Savin Hill T Stop - S Sydney St at Bay St,42.3106,-71.0539,Boston,Yes,14,2016
C32036,Seaport Blvd at Sleeper St,42.35317809,-71.04817357,Boston,Yes,15,2017
B32014,Seaport Hotel - Congress St at Seaport Ln,42.34881026,-71.04167744,Boston,Yes,19,2011
B32007,Seaport Square - Seaport Blvd at Northern Ave,42.35148193,-71.04436085,Boston,Yes,23,2011
M32063,Sennott Park Broadway at Norfolk Street,42.36860524,-71.09930186,Cambridge,Yes,19,2019
D32059,Shawmut Ave at Lenox St,42.33584613,-71.08038157,Boston,Yes,19,2022
D32048,Shawmut Ave at Oak St W,42.34854543,-71.06559185,Boston,Yes,15,2019
E32009,Shawmut T Stop,42.292917,-71.06575,Boston,Yes,19,2019
T32003,Shetland Park - Congress at Peabody St,42.51836788,-70.88952363,Salem,Yes,11,2021
M32047,Sidney Research Campus/Erie Street at Waverly,42.35775309,-71.10393405,Cambridge,Yes,19,2016
D32032,Silber Way,42.349496,-71.10057592,Boston,Yes,19,2017
M32069,Smith Pl at Wilson Rd,42.39239749,-71.15058332,Cambridge,Yes,19,2020
A32006,Soldiers Field Park - 111 Western Ave,42.36426344,-71.1182757,Boston,Yes,15,2011
S32001,Somerville City Hall,42.386844,-71.09812,Somerville,Yes,19,2012
S32036,Somerville City Hall Annex,42.39189812,-71.09745376,Somerville,Yes,19,2019
S32048,Somerville High School & Central Library,42.3864,-71.09601,Somerville,Yes,17,2021
S32020,Somerville Hospital,42.39044622,-71.10856622,Somerville,Yes,15,2018
C32017,South Boston Library - 646 E Broadway,42.335741,-71.03877,Boston,Yes,15,2013
A32009,South End Library - Tremont St at W Newton St,42.341332,-71.076847,Boston,Yes,15,2011
A32010,South Station - 700 Atlantic Ave,42.352175,-71.055547,Boston,Yes,44,2011
D32023,Spaulding Rehabilitation Hospital - Charlestown Navy Yard,42.378338,-71.048927,Boston,Yes,19,2012
C32087,Spring St at Powell St,42.27748444,-71.16341468,Boston,Yes,19,2019
K32007,St Mary's,42.34619708,-71.10728681,Brookline,Yes,15,2018
B32063,St. Alphonsus St at Tremont St,42.33329255,-71.10124648,Boston,Yes,17,2022
C32024,State Street at Channel Center,42.344137,-71.052608,Boston,Yes,19,2014
D32041,Stony Brook T Stop,42.316966,-71.104374,Boston,Yes,18,2018
D32049,Stuart St at Berkeley St,42.34954403,-71.07242074,Boston,Yes,18,2019
D32011,Stuart St at Charles St,42.351146,-71.066289,Boston,Yes,18,2011
D32053,Sullivan Square,42.38445226,-71.07514855,Boston,Yes,19,2019
R32001,Sumner St at Shirley Ave,42.40833706,-70.99804848,Revere,Yes,11,2021
A32013,Surface Rd at India St,42.358155,-71.052163,Boston,Yes,19,2015
A32042,Surface Rd at Summer St,42.3529457,-71.05656401,Boston,Yes,27,2019
V32007,Swan St. Park,42.41250451,-71.05842225,Everett,Yes,15,2019
C32064,Sydney St at Carson St,42.32039374,-71.05355408,Boston,Yes,19,2019
C32043,Talbot Ave At Blue Hill Ave,42.2945833,-71.087111,Boston,Yes,15,2018
C32110,Talbot Ave T Station,42.29225148,-71.07797205,,Yes,19,
K32008,Tappan St at Brookline Hills MBTA,42.33137017,-71.12688361,Brookline,Yes,15,2018
S32011,Teele Square,42.4008795,-71.12590793,Somerville,Yes,15,2013
E32011,The Dimock Center,42.31930943,-71.09639924,Boston,Yes,16,2019
A32033,The Eddy - New St at Sumner St,42.370744,-71.044201,Boston,Yes,15,2016
C32028,The Lawn on D,42.344792,-71.044024,Boston,Yes,19,2015
D32054,The Overlook at St. Gabriel's,42.34679008,-71.14549814,Boston,Yes,18,2020
C32049,Thetford Ave at Norfolk St,42.28621295,-71.07942931,Boston,Yes,15,2018
M32048,Third at Binney,42.36544486,-71.08277142,Cambridge,Yes,15,2016
L32005,Thorndike Field at Minuteman Bikeway,42.40016805,-71.14456963,Arlington,Yes,11,2020
C32000,Tremont St at E Berkeley St,42.345392,-71.069616,Boston,Yes,19,2011
B32056,Tremont St at Hamilton Pl,42.35668335,-71.06166646,Boston,Yes,19,2018
C32056,Tremont St at Northampton St,42.3384318,-71.0816905,Boston,Yes,19,2018
C32060,Tremont St at W. Dedham St,42.34254914,-71.07421449,Boston,Yes,15,2019
D32014,Tremont St at West St,42.354979,-71.063348,Boston,Yes,15,2011
C32035,Troy Boston,42.343749,-71.062256,Boston,Yes,5,2017
F32003,Tufts Sq - Main St at Medford St,42.401697,-71.106128,Medford,Yes,11,2022
A32001,Union Square - Brighton Ave at Cambridge St,42.353334,-71.137313,Boston,Yes,19,2011
S32002,Union Square - Somerville,42.3796479,-71.09540476,Somerville,Yes,19,2012
S32041,Union Square East,42.380078,-71.090098,Somerville,Yes,19,2021
C32014,University of Massachusetts Boston - Campus Center,42.31218918,-71.03648586,Boston,Yes,19,2012
M32040,University Park,42.36264779,-71.10006094,Cambridge,Yes,19,2015
C32019,Uphams Corner,42.31727474,-71.06537004,Boston,Yes,14,2013
B32025,Uphams Corner T Stop - Magnolia St at Dudley St,42.31869734,-71.06978148,Boston,Yes,15,2016
A32053,Valenti Way at Haverhill St,42.36473899,-71.05934903,Boston,Yes,24,2021
M32057,Vassal Lane at Tobin/VLUS,42.38536765,-71.13775671,Cambridge,Yes,19,2018
M32050,Verizon Innovation Hub 10 Ware Street,42.37250865,-71.11305356,Cambridge,Yes,19,2017
T32017,Vinnin Square,42.48628785,-70.90166733,Salem,Yes,11,2023
C32029,W Broadway at D St,42.3391085,-71.0514432,Boston,Yes,20,2015
C32016,W Broadway at Dorchester St,42.33595898,-71.046229,Boston,Yes,17,2013
C32102,Walnut Ave at School St,42.31242399,-71.09616905,Boston,Yes,19,2021
B32030,Walnut Ave at Warren St,42.324081,-71.083235,Boston,Yes,15,2016
D32021,Warren St at Chelsea St,42.371848,-71.060292,Boston,Yes,23,2012
K32011,Washington Sq,42.33985827,-71.13421171,Brookline,Yes,15,2020
C32042,Washington St at Bowdoin St,42.29916498,-71.07345872,Boston,Yes,15,2020
D32029,Washington St at Brock St,42.34895285,-71.16031677,Boston,Yes,15,2020
N32001,Washington St at Crafts St,42.35389024,-71.19943707,Newton,Yes,11,2022
C32081,Washington St at Denton Terr,42.28072815,-71.13423757,Boston,Yes,18,2019
A32037,Washington St at Egremont Rd,42.34286835,-71.14127841,Boston,Yes,15,2018
C32084,Washington St at Fuller St,42.28198628,-71.07147925,Boston,Yes,15,2020
C32005,Washington St at Lenox St,42.33509899,-71.07903779,Boston,Yes,15,2011
B32026,Washington St at Melnea Cass Blvd,42.332817,-71.081198,Boston,Yes,19,2016
S32021,Washington St at Myrtle St,42.3817508,-71.0839523,Somerville,Yes,15,2018
C32067,Washington St at Peters Park,42.3438524,-71.06764555,Boston,Yes,19,2019
C32006,Washington St at Rutland St,42.3385146,-71.07404083,Boston,Yes,27,2011
C32038,Washington St at Talbot Ave,42.290333,-71.071806,Boston,Yes,17,2018
N32014,Washington St at Walnut St,42.35145812,-71.20764971,Newton,Yes,11,2021
C32083,Washington St at Walsh Playground,42.2771947,-71.06955614,Boston,Yes,19,2019
D32002,Washington St at Waltham St,42.34157472,-71.0689044,Boston,Yes,15,2011
C32034,Watermark Seaport - Boston Wharf Rd at Seaport Blvd,42.351586,-71.04569256,Boston,Yes,15,2016
W32002,Watertown Sq,42.36526032,-71.18573324,Watertown,Yes,15,2020
N32006,Watertown St at Albemarle Rd,42.35410408,-71.21382214,Newton,Yes,11,2020
W32005,Watertown Town Hall,42.36759308,-71.18751436,Watertown,Yes,11,2020
V32014,Wellington MBTA,42.4023682,-71.07573182,Everett,Yes,19,2022
B32021,Wentworth Institute of Technology - Huntington Ave at Vancouver St,42.33758601,-71.09627098,Boston,Yes,12,2015
D32022,West End Park,42.36590788,-71.06446669,Boston,Yes,35,2012
N32005,West Newton,42.3496005,-71.22627497,Newton,Yes,15,2020
A32043,Western Ave at Richardson St,42.36178741,-71.14393111,Boston,Yes,19,2019
B32059,Whittier St Health Center,42.33286288,-71.09218862,Boston,Yes,19,2019
D32040,Williams St at Washington St,42.306539,-71.107669,Boston,Yes,23,2018
S32005,Wilson Square,42.38567579,-71.11412136,Somerville,Yes,15,2012
